{
    "per_tag_metrics": {
        "math": {
            "precision": 0.5036390101892285,
            "recall": 0.728421052631579,
            "f1_score": 0.5955249569707401,
            "support": 475
        },
        "graphs": {
            "precision": 0.4140127388535032,
            "recall": 0.47101449275362317,
            "f1_score": 0.4406779661016949,
            "support": 138
        },
        "strings": {
            "precision": 0.5280898876404494,
            "recall": 0.8785046728971962,
            "f1_score": 0.6596491228070176,
            "support": 107
        },
        "number theory": {
            "precision": 0.2422680412371134,
            "recall": 0.746031746031746,
            "f1_score": 0.3657587548638132,
            "support": 126
        },
        "trees": {
            "precision": 0.556390977443609,
            "recall": 0.7708333333333334,
            "f1_score": 0.6462882096069869,
            "support": 96
        },
        "geometry": {
            "precision": 0.38,
            "recall": 0.59375,
            "f1_score": 0.4634146341463415,
            "support": 32
        },
        "games": {
            "precision": 0.5370370370370371,
            "recall": 0.8529411764705882,
            "f1_score": 0.6590909090909091,
            "support": 34
        },
        "probabilities": {
            "precision": 0.1095890410958904,
            "recall": 0.6956521739130435,
            "f1_score": 0.1893491124260355,
            "support": 23
        }
    },
    "macro_average_f1": 0.5024692082516924,
    "micro_average_metrics": {
        "precision": 0.4110429447852761,
        "recall": 0.7148399612027158,
        "f1_score": 0.5219546742209632
    },
    "custom_stats": {
        "total_samples": 1246,
        "perfect_match_count": 374,
        "perfect_match_percent": 30.02,
        "at_least_one_correct": 606,
        "at_least_one_correct_percent": 48.64,
        "no_wrong_and_some_correct": 299,
        "no_wrong_and_some_correct_percent": 24.0
    }
}