{
    "per_tag_metrics": {
        "math": {
            "precision": 1.0,
            "recall": 0.04,
            "f1_score": 0.07692307692307693,
            "support": 475
        },
        "graphs": {
            "precision": 0.723404255319149,
            "recall": 0.2463768115942029,
            "f1_score": 0.3675675675675676,
            "support": 138
        },
        "strings": {
            "precision": 0.782608695652174,
            "recall": 0.3364485981308411,
            "f1_score": 0.47058823529411764,
            "support": 107
        },
        "number theory": {
            "precision": 0.8666666666666667,
            "recall": 0.20634920634920634,
            "f1_score": 0.3333333333333333,
            "support": 126
        },
        "trees": {
            "precision": 0.9122807017543859,
            "recall": 0.5416666666666666,
            "f1_score": 0.6797385620915033,
            "support": 96
        },
        "geometry": {
            "precision": 1.0,
            "recall": 0.03125,
            "f1_score": 0.06060606060606061,
            "support": 32
        },
        "games": {
            "precision": 0.9565217391304348,
            "recall": 0.6470588235294118,
            "f1_score": 0.7719298245614035,
            "support": 34
        },
        "probabilities": {
            "precision": 1.0,
            "recall": 0.21739130434782608,
            "f1_score": 0.35714285714285715,
            "support": 23
        }
    },
    "macro_average_f1": 0.38972868968998997,
    "micro_average_metrics": {
        "precision": 0.8552631578947368,
        "recall": 0.18913676042677013,
        "f1_score": 0.30976965845909454
    },
    "custom_stats": {
        "total_samples": 1246,
        "perfect_match_count": 556,
        "perfect_match_percent": 44.62,
        "at_least_one_correct": 187,
        "at_least_one_correct_percent": 15.01,
        "no_wrong_and_some_correct": 180,
        "no_wrong_and_some_correct_percent": 14.45
    }
}